Workbook

Sheet Child Future Planning Sheet
F6: EDUCATION PLANNING OF | K6: Arham
D8: PRESENT CHILD AGE | F8: 5 | G8: YEARS | J8: PLANNED MONTHLY INVESTMENT | M8: 5000
D9: CURRENT COST OF THE EDUCATION | F9: 1600000 | J9: EXPECTED ANNUAL INCREMENTAL RATE FOR INVESTMENT
D11: EXPECTED INFLATION | F11: 0.1 | J11: AGE OF THE CHILD | K11: BEGINNING VALUE | L11: MONTHLY INVESTMENT | M11: VALUE AT THE END OF THE YEAR
D12: AGE OF THE CHILD @ THE GOAL | F12: 18 | G12: YEARS | J12: =F8 -> 5 | K12: =IF(J12<$F$12,'Child Future Planning Sheet'!F17, "N A") -> 0 | L12: =IF(J12<$F$12,$M$8, "N A") -> 5000 | M12: =IF(J12<$F$12,FV(NOMINAL($F$15,12)/12,12,-'Child Future Planning Sheet'!L12,-'Child Future Planning Sheet'!K12,1), "N A") -> 66319.045
D13: CORPUS REQUIRED TO MEET THE GOAL | F13: =FV(F11,F12-F8,0,-F9) -> 5523633.9 | J13: =J12+1 -> 6 | K13: =IF(J13<$F$12,M12, "N A") -> 66319.045 | L13: =IF(J13<$F$12,L12+L12*$M$9, "N A") -> 5000 | M13: =IF(J13<$F$12,FV(NOMINAL($F$15,12)/12,12,-'Child Future Planning Sheet'!L13,-'Child Future Planning Sheet'!K13,1), "N A") -> 145901.9
J14: =J13+1 -> 7 | K14: =IF(J14<$F$12,M13, "N A") -> 145901.9 | L14: =IF(J14<$F$12,L13+L13*$M$9, "N A") -> 5000 | M14: =IF(J14<$F$12,FV(NOMINAL($F$15,12)/12,12,-'Child Future Planning Sheet'!L14,-'Child Future Planning Sheet'!K14,1), "N A") -> 241401.33
D15: EXPECTED RETURN ON INVESTMENT | F15: 0.2 | J15: =J14+1 -> 8 | K15: =IF(J15<$F$12,M14, "N A") -> 241401.33 | L15: =IF(J15<$F$12,L14+L14*$M$9, "N A") -> 5000 | M15: =IF(J15<$F$12,FV(NOMINAL($F$15,12)/12,12,-'Child Future Planning Sheet'!L15,-'Child Future Planning Sheet'!K15,1), "N A") -> 356000.64
J16: =J15+1 -> 9 | K16: =IF(J16<$F$12,M15, "N A") -> 356000.64 | L16: =IF(J16<$F$12,L15+L15*$M$9, "N A") -> 5000 | M16: =IF(J16<$F$12,FV(NOMINAL($F$15,12)/12,12,-'Child Future Planning Sheet'!L16,-'Child Future Planning Sheet'!K16,1), "N A") -> 493519.81
D17: INITIAL LUMP SUM INVESTMENT (optional) | F17: 0 | J17: =J16+1 -> 10 | K17: =IF(J17<$F$12,M16, "N A") -> 493519.81 | L17: =IF(J17<$F$12,L16+L16*$M$9, "N A") -> 5000 | M17: =IF(J17<$F$12,FV(NOMINAL($F$15,12)/12,12,-'Child Future Planning Sheet'!L17,-'Child Future Planning Sheet'!K17,1), "N A") -> 658542.82
J18: =J17+1 -> 11 | K18: =IF(J18<$F$12,M17, "N A") -> 658542.82 | L18: =IF(J18<$F$12,L17+L17*$M$9, "N A") -> 5000 | M18: =IF(J18<$F$12,FV(NOMINAL($F$15,12)/12,12,-'Child Future Planning Sheet'!L18,-'Child Future Planning Sheet'!K18,1), "N A") -> 856570.42
D19: MONTHLY INVESTMENT REQUIRED | F19: =-PMT(NOMINAL(F15,12)/12,(F12-F8)*12,-F17,F13,1) -> 8587.0761 | J19: =J18+1 -> 12 | K19: =IF(J19<$F$12,M18, "N A") -> 856570.42 | L19: =IF(J19<$F$12,L18+L18*$M$9, "N A") -> 5000 | M19: =IF(J19<$F$12,FV(NOMINAL($F$15,12)/12,12,-'Child Future Planning Sheet'!L19,-'Child Future Planning Sheet'!K19,1), "N A") -> 1094203.6
J20: =J19+1 -> 13 | K20: =IF(J20<$F$12,M19, "N A") -> 1094203.6 | L20: =IF(J20<$F$12,L19+L19*$M$9, "N A") -> 5000 | M20: =IF(J20<$F$12,FV(NOMINAL($F$15,12)/12,12,-'Child Future Planning Sheet'!L20,-'Child Future Planning Sheet'!K20,1), "N A") -> 1379363.3
D21: ANNUALLY INVESTMENT REQUIRED | F21: =-PMT(F15,F12-F8,-F17,F13,1) -> 94914.448 | J21: =J20+1 -> 14 | K21: =IF(J21<$F$12,M20, "N A") -> 1379363.3 | L21: =IF(J21<$F$12,L20+L20*$M$9, "N A") -> 5000 | M21: =IF(J21<$F$12,FV(NOMINAL($F$15,12)/12,12,-'Child Future Planning Sheet'!L21,-'Child Future Planning Sheet'!K21,1), "N A") -> 1721555
J22: =J21+1 -> 15 | K22: =IF(J22<$F$12,M21, "N A") -> 1721555 | L22: =IF(J22<$F$12,L21+L21*$M$9, "N A") -> 5000 | M22: =IF(J22<$F$12,FV(NOMINAL($F$15,12)/12,12,-'Child Future Planning Sheet'!L22,-'Child Future Planning Sheet'!K22,1), "N A") -> 2132185.1
D23: LUMP SUM INVESTMENT REQUIRED | F23: =-PV(F15,F12-F8,0,F13) -> 516260.25 | J23: =J22+1 -> 16 | K23: =IF(J23<$F$12,M22, "N A") -> 2132185.1 | L23: =IF(J23<$F$12,L22+L22*$M$9, "N A") -> 5000 | M23: =IF(J23<$F$12,FV(NOMINAL($F$15,12)/12,12,-'Child Future Planning Sheet'!L23,-'Child Future Planning Sheet'!K23,1), "N A") -> 2624941.1
J24: =J23+1 -> 17 | K24: =IF(J24<$F$12,M23, "N A") -> 2624941.1 | L24: =IF(J24<$F$12,L23+L23*$M$9, "N A") -> 5000 | M24: =IF(J24<$F$12,FV(NOMINAL($F$15,12)/12,12,-'Child Future Planning Sheet'!L24,-'Child Future Planning Sheet'!K24,1), "N A") -> 3216248.4
J25: =J24+1 -> 18 | K25: =IF(J25<$F$12,M24, "N A") -> N A | L25: =IF(J25<$F$12,L24+L24*$M$9, "N A") -> N A | M25: =IF(J25<$F$12,FV(NOMINAL($F$15,12)/12,12,-'Child Future Planning Sheet'!L25,-'Child Future Planning Sheet'!K25,1), "N A") -> N A
J26: =J25+1 -> 19 | K26: =IF(J26<$F$12,M25, "N A") -> N A | L26: =IF(J26<$F$12,L25+L25*$M$9, "N A") -> N A | M26: =IF(J26<$F$12,FV(NOMINAL($F$15,12)/12,12,-'Child Future Planning Sheet'!L26,-'Child Future Planning Sheet'!K26,1), "N A") -> N A
J27: =J26+1 -> 20 | K27: =IF(J27<$F$12,M26, "N A") -> N A | L27: =IF(J27<$F$12,L26+L26*$M$9, "N A") -> N A | M27: =IF(J27<$F$12,FV(NOMINAL($F$15,12)/12,12,-'Child Future Planning Sheet'!L27,-'Child Future Planning Sheet'!K27,1), "N A") -> N A
J28: =J27+1 -> 21 | K28: =IF(J28<$F$12,M27, "N A") -> N A | L28: =IF(J28<$F$12,L27+L27*$M$9, "N A") -> N A | M28: =IF(J28<$F$12,FV(NOMINAL($F$15,12)/12,12,-'Child Future Planning Sheet'!L28,-'Child Future Planning Sheet'!K28,1), "N A") -> N A
J29: =J28+1 -> 22 | K29: =IF(J29<$F$12,M28, "N A") -> N A | L29: =IF(J29<$F$12,L28+L28*$M$9, "N A") -> N A | M29: =IF(J29<$F$12,FV(NOMINAL($F$15,12)/12,12,-'Child Future Planning Sheet'!L29,-'Child Future Planning Sheet'!K29,1), "N A") -> N A
D30: To support Your Money Purse Channel you can open the demat Account with the links below | J30: =J29+1 -> 23 | K30: =IF(J30<$F$12,M29, "N A") -> N A | L30: =IF(J30<$F$12,L29+L29*$M$9, "N A") -> N A | M30: =IF(J30<$F$12,FV(NOMINAL($F$15,12)/12,12,-'Child Future Planning Sheet'!L30,-'Child Future Planning Sheet'!K30,1), "N A") -> N A
D31: ZERODHA | E31: https://zerodha.com/open-account?c=ZMPVNW | J31: =J30+1 -> 24 | K31: =IF(J31<$F$12,M30, "N A") -> N A | L31: =IF(J31<$F$12,L30+L30*$M$9, "N A") -> N A | M31: =IF(J31<$F$12,FV(NOMINAL($F$15,12)/12,12,-'Child Future Planning Sheet'!L31,-'Child Future Planning Sheet'!K31,1), "N A") -> N A
D32: UPSTOX | E32: https://tinyurl.com/y8sbw9w8 | J32: =J31+1 -> 25 | K32: =IF(J32<$F$12,M31, "N A") -> N A | L32: =IF(J32<$F$12,L31+L31*$M$9, "N A") -> N A | M32: =IF(J32<$F$12,FV(NOMINAL($F$15,12)/12,12,-'Child Future Planning Sheet'!L32,-'Child Future Planning Sheet'!K32,1), "N A") -> N A
D33: ANGEL BROKING | E33: http://tinyurl.com/y3r42a2x | J33: =J32+1 -> 26 | K33: =IF(J33<$F$12,M32, "N A") -> N A | L33: =IF(J33<$F$12,L32+L32*$M$9, "N A") -> N A | M33: =IF(J33<$F$12,FV(NOMINAL($F$15,12)/12,12,-'Child Future Planning Sheet'!L33,-'Child Future Planning Sheet'!K33,1), "N A") -> N A
J34: =J33+1 -> 27 | K34: =IF(J34<$F$12,M33, "N A") -> N A | L34: =IF(J34<$F$12,L33+L33*$M$9, "N A") -> N A | M34: =IF(J34<$F$12,FV(NOMINAL($F$15,12)/12,12,-'Child Future Planning Sheet'!L34,-'Child Future Planning Sheet'!K34,1), "N A") -> N A
